Choice ID,Item ID,Group,Choice,Extra,Required,Min,Max
D-JINRO-FLAVORED-SOJU-FLAVOR-STRAWBERRY,D-JINRO-FLAVORED-SOJU,Flavor,Strawberry,$0.00,Y,1,1
D-JINRO-FLAVORED-SOJU-FLAVOR-GREEN-GRAPE,D-JINRO-FLAVORED-SOJU,Flavor,Green Grape,$0.00,Y,1,1
D-JINRO-FLAVORED-SOJU-FLAVOR-PEACH,D-JINRO-FLAVORED-SOJU,Flavor,Peach,$0.00,Y,1,1
D-JINRO-FLAVORED-SOJU-FLAVOR-PLUM,D-JINRO-FLAVORED-SOJU,Flavor,Plum,$0.00,Y,1,1
D-JINRO-FLAVORED-SOJU-FLAVOR-GRAPEFRUIT,D-JINRO-FLAVORED-SOJU,Flavor,Grapefruit,$0.00,Y,1,1
F-CLASSIC-CHEESE-MAKE-IT-A-MEAL-ADD-FRIES-DRINK,F-CLASSIC-CHEESE,Make it a meal,Add fries + drink,$5.00,N,0,1
F-BACON-JALAPE-O-SHARP-CHEDDAR-MAKE-IT-A-MEAL-ADD-FRIES-DRINK,F-BACON-JALAPE-O-SHARP-CHEDDAR,Make it a meal,Add fries + drink,$5.00,N,0,1
F-TRUFFLE-MUSHROOM-SWISS-MAKE-IT-A-MEAL-ADD-FRIES-DRINK,F-TRUFFLE-MUSHROOM-SWISS,Make it a meal,Add fries + drink,$5.00,N,0,1
F-ORIGINAL-CRISPY-CHICKEN-SANDWICH-MAKE-IT-A-MEAL-ADD-FRIES-DRINK,F-ORIGINAL-CRISPY-CHICKEN-SANDWICH,Make it a meal,Add fries + drink,$5.00,N,0,1
F-SPICY-CHICKEN-MAKE-IT-A-MEAL-ADD-FRIES-DRINK,F-SPICY-CHICKEN,Make it a meal,Add fries + drink,$5.00,N,0,1
F-NASHVILLE-HOT-MAKE-IT-A-MEAL-ADD-FRIES-DRINK,F-NASHVILLE-HOT,Make it a meal,Add fries + drink,$5.00,N,0,1
F-BACON-RANCH-MAKE-IT-A-MEAL-ADD-FRIES-DRINK,F-BACON-RANCH,Make it a meal,Add fries + drink,$5.00,N,0,1
F-KIMCHI-FRIED-RICE-MAKE-IT-A-MEAL-ADD-FRIES-DRINK,F-KIMCHI-FRIED-RICE,Make it a meal,Add fries + drink,$5.00,N,0,1
F-BEEF-FRIED-RICE-MAKE-IT-A-MEAL-ADD-FRIES-DRINK,F-BEEF-FRIED-RICE,Make it a meal,Add fries + drink,$5.00,N,0,1
F-VEGETABLE-FRIED-RICE-MAKE-IT-A-MEAL-ADD-FRIES-DRINK,F-VEGETABLE-FRIED-RICE,Make it a meal,Add fries + drink,$5.00,N,0,1
F-SHIN-RAMEN-RAMEN-ADD-ONS-TENDER-1-PC,F-SHIN-RAMEN,Ramen add-ons,"Tender, 1 PC",$3.50,N,0,3
F-SHIN-RAMEN-RAMEN-ADD-ONS-EGG,F-SHIN-RAMEN,Ramen add-ons,Egg,$1.50,N,0,3
F-SHIN-RAMEN-RAMEN-ADD-ONS-AMERICAN-CHEESE,F-SHIN-RAMEN,Ramen add-ons,American Cheese,$1.50,N,0,3
F-BULDAK-RAMEN-RAMEN-ADD-ONS-TENDER-1-PC,F-BULDAK-RAMEN,Ramen add-ons,"Tender, 1 PC",$3.50,N,0,3
F-BULDAK-RAMEN-RAMEN-ADD-ONS-EGG,F-BULDAK-RAMEN,Ramen add-ons,Egg,$1.50,N,0,3
F-BULDAK-RAMEN-RAMEN-ADD-ONS-AMERICAN-CHEESE,F-BULDAK-RAMEN,Ramen add-ons,American Cheese,$1.50,N,0,3
F-JJAJANG-RAMEN-RAMEN-ADD-ONS-TENDER-1-PC,F-JJAJANG-RAMEN,Ramen add-ons,"Tender, 1 PC",$3.50,N,0,3
F-JJAJANG-RAMEN-RAMEN-ADD-ONS-EGG,F-JJAJANG-RAMEN,Ramen add-ons,Egg,$1.50,N,0,3
F-JJAJANG-RAMEN-RAMEN-ADD-ONS-AMERICAN-CHEESE,F-JJAJANG-RAMEN,Ramen add-ons,American Cheese,$1.50,N,0,3
C-CHICKEN-WINGS-MAKE-IT-A-MEAL-ADD-FRIES-DRINK,C-CHICKEN-WINGS,Make it a meal,Add fries + drink,$5.00,N,0,1
C-2-PC-LEGS-COMBO-SAUCE-KOREAN-SWEET-CHILI-SAUCE,C-2-PC-LEGS-COMBO,Sauce,Korean Sweet Chili Sauce,$0.00,Y,1,1
C-2-PC-LEGS-COMBO-SAUCE-RANCH,C-2-PC-LEGS-COMBO,Sauce,Ranch,$0.00,Y,1,1
C-2-PC-LEGS-COMBO-SAUCE-BBQ,C-2-PC-LEGS-COMBO,Sauce,BBQ,$0.00,Y,1,1
C-2-PC-LEGS-COMBO-SAUCE-HONEY-MUSTARD,C-2-PC-LEGS-COMBO,Sauce,Honey Mustard,$0.00,Y,1,1
C-2-PC-LEGS-COMBO-SAUCE-NASHVILLE-HOT,C-2-PC-LEGS-COMBO,Sauce,Nashville Hot,$0.00,Y,1,1
C-2-PC-LEGS-COMBO-SAUCE-KETCHUP,C-2-PC-LEGS-COMBO,Sauce,Ketchup,$0.00,Y,1,1
C-2-PC-LEGS-COMBO-SAUCE-SOY-GARLIC-SAUCE,C-2-PC-LEGS-COMBO,Sauce,Soy Garlic Sauce,$0.00,Y,1,1
C-3-PC-COMBO-2-LEGS-1-THIGH-SAUCE-KOREAN-SWEET-CHILI-SAUCE,C-3-PC-COMBO-2-LEGS-1-THIGH,Sauce,Korean Sweet Chili Sauce,$0.00,Y,1,1
C-3-PC-COMBO-2-LEGS-1-THIGH-SAUCE-RANCH,C-3-PC-COMBO-2-LEGS-1-THIGH,Sauce,Ranch,$0.00,Y,1,1
C-3-PC-COMBO-2-LEGS-1-THIGH-SAUCE-BBQ,C-3-PC-COMBO-2-LEGS-1-THIGH,Sauce,BBQ,$0.00,Y,1,1
C-3-PC-COMBO-2-LEGS-1-THIGH-SAUCE-HONEY-MUSTARD,C-3-PC-COMBO-2-LEGS-1-THIGH,Sauce,Honey Mustard,$0.00,Y,1,1
C-3-PC-COMBO-2-LEGS-1-THIGH-SAUCE-NASHVILLE-HOT,C-3-PC-COMBO-2-LEGS-1-THIGH,Sauce,Nashville Hot,$0.00,Y,1,1
C-3-PC-COMBO-2-LEGS-1-THIGH-SAUCE-KETCHUP,C-3-PC-COMBO-2-LEGS-1-THIGH,Sauce,Ketchup,$0.00,Y,1,1
C-3-PC-COMBO-2-LEGS-1-THIGH-SAUCE-SOY-GARLIC-SAUCE,C-3-PC-COMBO-2-LEGS-1-THIGH,Sauce,Soy Garlic Sauce,$0.00,Y,1,1
C-CHICKEN-TENDERS-SAUCE-KOREAN-SWEET-CHILI-SAUCE,C-CHICKEN-TENDERS,Sauce,Korean Sweet Chili Sauce,$0.00,Y,1,1
C-CHICKEN-TENDERS-SAUCE-RANCH,C-CHICKEN-TENDERS,Sauce,Ranch,$0.00,Y,1,1
C-CHICKEN-TENDERS-SAUCE-BBQ,C-CHICKEN-TENDERS,Sauce,BBQ,$0.00,Y,1,1
C-CHICKEN-TENDERS-SAUCE-HONEY-MUSTARD,C-CHICKEN-TENDERS,Sauce,Honey Mustard,$0.00,Y,1,1
C-CHICKEN-TENDERS-SAUCE-NASHVILLE-HOT,C-CHICKEN-TENDERS,Sauce,Nashville Hot,$0.00,Y,1,1
C-CHICKEN-TENDERS-SAUCE-KETCHUP,C-CHICKEN-TENDERS,Sauce,Ketchup,$0.00,Y,1,1
C-CHICKEN-TENDERS-SAUCE-SOY-GARLIC-SAUCE,C-CHICKEN-TENDERS,Sauce,Soy Garlic Sauce,$0.00,Y,1,1
C-CHICKEN-TENDERS-COMBO-SAUCE-KOREAN-SWEET-CHILI-SAUCE,C-CHICKEN-TENDERS-COMBO,Sauce,Korean Sweet Chili Sauce,$0.00,Y,1,1
C-CHICKEN-TENDERS-COMBO-SAUCE-RANCH,C-CHICKEN-TENDERS-COMBO,Sauce,Ranch,$0.00,Y,1,1
C-CHICKEN-TENDERS-COMBO-SAUCE-BBQ,C-CHICKEN-TENDERS-COMBO,Sauce,BBQ,$0.00,Y,1,1
C-CHICKEN-TENDERS-COMBO-SAUCE-HONEY-MUSTARD,C-CHICKEN-TENDERS-COMBO,Sauce,Honey Mustard,$0.00,Y,1,1
C-CHICKEN-TENDERS-COMBO-SAUCE-NASHVILLE-HOT,C-CHICKEN-TENDERS-COMBO,Sauce,Nashville Hot,$0.00,Y,1,1
C-CHICKEN-TENDERS-COMBO-SAUCE-KETCHUP,C-CHICKEN-TENDERS-COMBO,Sauce,Ketchup,$0.00,Y,1,1
C-CHICKEN-TENDERS-COMBO-SAUCE-SOY-GARLIC-SAUCE,C-CHICKEN-TENDERS-COMBO,Sauce,Soy Garlic Sauce,$0.00,Y,1,1
C-BUCKET-CHICKEN-SAUCE-KOREAN-SWEET-CHILI-SAUCE,C-BUCKET-CHICKEN,Sauce,Korean Sweet Chili Sauce,$0.00,Y,1,1
C-BUCKET-CHICKEN-SAUCE-RANCH,C-BUCKET-CHICKEN,Sauce,Ranch,$0.00,Y,1,1
C-BUCKET-CHICKEN-SAUCE-BBQ,C-BUCKET-CHICKEN,Sauce,BBQ,$0.00,Y,1,1
C-BUCKET-CHICKEN-SAUCE-HONEY-MUSTARD,C-BUCKET-CHICKEN,Sauce,Honey Mustard,$0.00,Y,1,1
C-BUCKET-CHICKEN-SAUCE-NASHVILLE-HOT,C-BUCKET-CHICKEN,Sauce,Nashville Hot,$0.00,Y,1,1
C-BUCKET-CHICKEN-SAUCE-KETCHUP,C-BUCKET-CHICKEN,Sauce,Ketchup,$0.00,Y,1,1
C-BUCKET-CHICKEN-SAUCE-SOY-GARLIC-SAUCE,C-BUCKET-CHICKEN,Sauce,Soy Garlic Sauce,$0.00,Y,1,1
